gpu_name,gpu_price,retail_url,retailer_name,gpu_unit_name,base_tier_score,net_tier_score,non_rt_tier_score
Zotac Twin Edge Geforce RTX 3060 12GB,38500,https://www.techlandbd.com/product/2022,TechLand BD,Geforce RTX 3060 12GB,4,4.8,4.4
Gigabyte Gaming Geforce RTX 3070,111200,https://www.binarylogic.com/product/5008,Binary Logic,Geforce RTX 3070,7,7.7,7
MSI Ventus Geforce RTX 3080 10GB,44500,https://www.globalbrand.com/product/2838,Global Brand,Geforce RTX 3080 10GB,5,5.75,5.25
Asus ROG Geforce RTX 3080 12GB,53000,https://www.globalbrand.com/product/3969,Global Brand,Geforce RTX 3080 12GB,5.5,6.6,6.325
Gunnir Intel Arc A750,42000,https://www.binarylogic.com/product/6321,Binary Logic,Intel Arc A750,3.5,3.5,3.325
Gunnir Intel Arc A770 16GB,31000,https://www.globalbrand.com/product/1955,Global Brand,Intel Arc A770 16GB,4,4.8,4.6
XFX Radeon RX 6600,48000,https://www.ryanscomputer.com/product/7629,Ryans Computer,Radeon RX 6600,4,4.2,4
Sapphire Nitro+ Radeon RX 6700 XT,71500,https://www.techlandbd.com/product/1640,TechLand BD,Radeon RX 6700 XT,7,8.05,7.7
Sapphire Nitro+ Radeon RX 6800,61500,https://www.binarylogic.com/product/3249,Binary Logic,Radeon RX 6800,7.5,9.375,9
