gpu_name,gpu_price,retail_url,retailer_name,gpu_unit_name
Gunnir Intel Arc A750,42000,https://www.binarylogic.com/product/6321,Binary Logic,Intel Arc A750
XFX Radeon RX 6600,48000,https://www.ryanscomputer.com/product/7629,Ryans Computer,Radeon RX 6600
Gigabyte Gaming Geforce RTX 3070,111200,https://www.binarylogic.com/product/5008,Binary Logic,Geforce RTX 3070
Gunnir Intel Arc A770 16GB,31000,https://www.globalbrand.com/product/1955,Global Brand,Intel Arc A770 16GB
MSI Ventus Geforce RTX 3080 10GB,44500,https://www.globalbrand.com/product/2838,Global Brand,Geforce RTX 3080 10GB
Zotac Twin Edge Geforce RTX 3060 12GB,38500,https://www.techlandbd.com/product/2022,TechLand BD,Geforce RTX 3060 12GB
Sapphire Nitro+ Radeon RX 6800,61500,https://www.binarylogic.com/product/3249,Binary Logic,Radeon RX 6800
Sapphire Nitro+ Radeon RX 6700 XT,71500,https://www.techlandbd.com/product/1640,TechLand BD,Radeon RX 6700 XT
Asus ROG Geforce RTX 3080 12GB,53000,https://www.globalbrand.com/product/3969,Global Brand,Geforce RTX 3080 12GB
